window_idx,satellite_name,satellite_index,peak_alt_deg,range_min_km,range_max_km,peak_abs_jy,mean_abs_jy,emission_type
0,,3449,69.39185305659403,589.5040334749883,12748.230630202186,0.49153376067053445,0.01115325997639366,literature_parameterized_uemr_template_not_proprietary_waveform
0,,3450,69.39185305659403,589.5040334749883,12748.230630202186,0.49153376067053445,0.01115325997639366,literature_parameterized_uemr_template_not_proprietary_waveform
0,,3451,69.3849350225092,589.5334898672065,12748.542082403552,0.49144586302964355,0.011154613489023605,literature_parameterized_uemr_template_not_proprietary_waveform
0,,3452,69.36831575856658,589.6404364552577,12748.807573858488,0.49383790899479035,0.01115599393964474,literature_parameterized_uemr_template_not_proprietary_waveform
0,,3453,69.36619692760226,589.5308749042281,12748.97912626206,0.4937919503476429,0.011156223850610629,literature_parameterized_uemr_template_not_proprietary_waveform
0,,3454,69.36619692760226,589.5308749042281,12748.97912626206,0.4937919503476429,0.011156223850610629,literature_parameterized_uemr_template_not_proprietary_waveform
0,,3486,69.12017827602578,591.6569499448575,12811.578356850032,0.24957057468977384,0.007339843898288449,literature_parameterized_uemr_template_not_proprietary_waveform
0,,3487,69.11951221576675,591.5789024189048,12811.518946321821,0.24958737670829423,0.007339468924460141,literature_parameterized_uemr_template_not_proprietary_waveform
0,,3488,69.10952789934495,591.7178114905544,12811.679557220285,0.2495441899772888,0.007339826866585095,literature_parameterized_uemr_template_not_proprietary_waveform
0,,3489,69.10802532865443,591.6489060844582,12811.590053383074,0.24957070735133946,0.007339507333377299,literature_parameterized_uemr_template_not_proprietary_waveform
0,,3490,69.10802532865443,591.6489060844582,12811.590053383074,0.24957070735133946,0.007339507333377299,literature_parameterized_uemr_template_not_proprietary_waveform
0,,3114,67.17977358877397,599.9422429908277,13147.385009498748,0.27986571428987495,0.008993848592491865,literature_parameterized_uemr_template_not_proprietary_waveform
0,,3109,67.17061593855168,599.8065453314625,13148.052715779997,0.2796613091621345,0.008998339204852717,literature_parameterized_uemr_template_not_proprietary_waveform
0,,3110,67.16839803868393,599.6856497391826,13148.234591071925,0.2796096130636029,0.008999182402058815,literature_parameterized_uemr_template_not_proprietary_waveform
0,,3113,67.16068766816761,599.8914871313991,13147.335749883934,0.2799134116095243,0.008993124318142304,literature_parameterized_uemr_template_not_proprietary_waveform
0,,3111,67.16019357513743,599.8613506129609,13147.442021876735,0.27988505222696797,0.0089931559488567,literature_parameterized_uemr_template_not_proprietary_waveform
0,,3112,67.15921785695296,599.8558389028805,13147.390985775468,0.279903537840557,0.008993079039569113,literature_parameterized_uemr_template_not_proprietary_waveform
0,,3286,65.97628408684209,604.105091280799,12102.395140304769,0.49733627033260674,0.009525322305299053,literature_parameterized_uemr_template_not_proprietary_waveform
0,,3284,65.95159820005648,604.1963064267261,12101.288629014309,0.49676040149420514,0.009524075712944528,literature_parameterized_uemr_template_not_proprietary_waveform
0,,3285,65.95159820005648,604.1963064267261,12101.288629014309,0.49676040149420514,0.009524075712944528,literature_parameterized_uemr_template_not_proprietary_waveform
0,,3287,65.94950464242393,604.0828608311776,12102.137364528598,0.4973919817079339,0.009525452341185467,literature_parameterized_uemr_template_not_proprietary_waveform
0,,3288,65.94716651374185,604.0873693132744,12102.005490317008,0.4974147218253901,0.009525185017464598,literature_parameterized_uemr_template_not_proprietary_waveform
0,,3289,65.94716651374185,604.0873693132744,12102.005490317008,0.4974147218253901,0.009525185017464598,literature_parameterized_uemr_template_not_proprietary_waveform
0,,723,64.95644000003374,607.684445781059,11324.465559168773,0.4342831713346477,0.007990126678720583,literature_parameterized_uemr_template_not_proprietary_waveform
0,,724,64.95054061737815,607.8495838827049,11322.24793842018,0.43401881481155513,0.007992579071033531,literature_parameterized_uemr_template_not_proprietary_waveform
0,,725,64.94897836188558,607.8724662047202,11322.103754133443,0.4340031545343147,0.007992682994561053,literature_parameterized_uemr_template_not_proprietary_waveform
0,,726,64.93014228712501,607.9538960657284,11321.756830426215,0.43394977702008397,0.007992997865266648,literature_parameterized_uemr_template_not_proprietary_waveform
0,,594,64.2690636992772,612.4096806079268,13278.7945225623,0.34417181520097617,0.019389320900716055,literature_parameterized_uemr_template_not_proprietary_waveform
0,,595,64.2635196561272,612.473608024376,13278.773755331,0.344167921042762,0.019388931175376746,literature_parameterized_uemr_template_not_proprietary_waveform
0,,592,64.26195219028826,612.3747734069403,13278.806760384921,0.34432543964733836,0.019386430541413268,literature_parameterized_uemr_template_not_proprietary_waveform
0,,593,64.26195011643073,612.393018073496,13278.859758257384,0.3441437707426643,0.0193897285005002,literature_parameterized_uemr_template_not_proprietary_waveform
0,,1124,63.04201296085617,617.8252195552977,13249.500702299372,0.3576302403611449,0.018666059364363958,literature_parameterized_uemr_template_not_proprietary_waveform
0,,1123,63.02944088554006,617.9003529228098,13249.463976789379,0.35768452656390476,0.01866507169873568,literature_parameterized_uemr_template_not_proprietary_waveform
0,,1126,63.02552034751996,617.8837328700174,13249.501382800228,0.35597510642531105,0.01866464600018196,literature_parameterized_uemr_template_not_proprietary_waveform
0,,1125,63.0177526767005,617.9245610590269,13249.477570200397,0.3576815426799948,0.018665016530265855,literature_parameterized_uemr_template_not_proprietary_waveform
0,,1291,62.94473965611396,617.1251515775455,13238.917947708267,0.3990621332322941,0.01342421906755021,literature_parameterized_uemr_template_not_proprietary_waveform
0,,1292,62.94473965611396,617.1251515775455,13238.917947708267,0.3990621332322941,0.01342421906755021,literature_parameterized_uemr_template_not_proprietary_waveform
0,,1295,62.940487297452236,616.828772872329,13239.18669287745,0.39878111109999004,0.01342974861665549,literature_parameterized_uemr_template_not_proprietary_waveform
0,,1296,62.91979165227204,616.9281595754287,13239.162817266353,0.39866897858756606,0.013431863612954632,literature_parameterized_uemr_template_not_proprietary_waveform
0,,1293,62.9050047856935,617.0753168059372,13239.071534007753,0.3986818856456374,0.013431293615420649,literature_parameterized_uemr_template_not_proprietary_waveform
0,,1294,62.9050047856935,617.0753168059372,13239.071534007753,0.3986818856456374,0.013431293615420649,literature_parameterized_uemr_template_not_proprietary_waveform
0,,4252,61.94233282783261,622.3667168036894,13130.058907446284,0.4690757941502747,0.01430880088756289,literature_parameterized_uemr_template_not_proprietary_waveform
0,,4251,61.93519422977942,622.6688589031759,13129.735715085813,0.46914740629381924,0.014307531207322534,literature_parameterized_uemr_template_not_proprietary_waveform
0,,4250,61.932183620799655,622.6452238139361,13129.831511555954,0.4691041694034805,0.014308093397380898,literature_parameterized_uemr_template_not_proprietary_waveform
0,,4253,61.93116317333766,622.7831177217129,13129.882181926489,0.469012723510809,0.014310127127741818,literature_parameterized_uemr_template_not_proprietary_waveform
0,,4254,61.93092679692684,622.7574238146212,13129.87825105893,0.46901849305442056,0.014310063415242475,literature_parameterized_uemr_template_not_proprietary_waveform
0,,4255,61.93092679692684,622.7574238146212,13129.87825105893,0.46901849305442056,0.014310063415242475,literature_parameterized_uemr_template_not_proprietary_waveform
0,,3484,60.275379863325355,632.3326592081489,13226.58256856866,0.29240454615417805,0.009489694912024182,literature_parameterized_uemr_template_not_proprietary_waveform
0,,3485,60.275379863325355,632.3326592081489,13226.58256856866,0.29240454615417805,0.009489694912024182,literature_parameterized_uemr_template_not_proprietary_waveform
0,,3483,60.259128545341206,632.1733538563777,13226.866449785792,0.2923848916047313,0.009490387809790822,literature_parameterized_uemr_template_not_proprietary_waveform
